"ref","des","per","day","inv_ref","br","uname"
"JA/QT/1","","50%","7 to 10","1","JA-ELA","asanka"
"JA/QT/2","","50%","7 to 10","2","JA-ELA","asanka"
"JA/EST/1","","50%","7 to 10","1","JA-ELA","asanka"
"JA/EST/2","","50%","7 to 10","2","JA-ELA","asanka"
"JA/QT/4","","50%","7 to 10","4","JA-ELA","admin"
"JA/EST/3","","50%","7 to 10","3","JA-ELA","asanka"
"JA/INV/1","Perfoma Invoice No.","50%","7 to 10","1","JA-ELA","admin"
"JA/INV/2","Invoice No.","50%","7 to 10","2","JA-ELA","asanka"
"JA/QT/5","Invoice No.","50%","7 to 10","5","JA-ELA","asanka"
"JA/INV/3","Perfoma Invoice No.","50%","7 to 10","3","JA-ELA","asanka"
"JA/INV/4","Perfoma Invoice No.","50%","7 to 10","4","JA-ELA","asanka"
"JA/QT/6","Invoice No.","0","1 Day","6","JA-ELA","asanka"
"JA/QT/7","Invoice No.","0","1 Day","7","JA-ELA","asanka"
"JA/INV/5","Invoice No.","0","1 Day","5","JA-ELA","asanka"
"JA/QT/8","Invoice No.","50%","7 to 10","8","JA-ELA","asanka"
"JA/QT/9","Invoice No.","50%","15 to 20","9","JA-ELA","asanka"
"JA/QT/10","Invoice No.","0","2 to 3","10","JA-ELA","asanka"
"JA/INV/6","Invoice No.","50%","7 to 10","6","JA-ELA","asanka"
"JA/QT/14","Invoice No.","50%","10 to 14","14","JA-ELA","asanka"
"JA/INV/7","Invoice No.","50%","7 to 10","7","JA-ELA","asanka"
"JA/EST/4","Invoice No.","50%","7 to 10","4","JA-ELA","asanka"
"JA/QT/15","Invoice No.","50%","5 to 9","15","JA-ELA","asanka"
"JA/QT/16","Invoice No.","50%","10 to 14","16","JA-ELA","asanka"
"JA/QT/17","Invoice No.","50%","7 to 10","17","JA-ELA","asanka"
"JA/INV/10","Invoice No.","50%","7 to 10","10","JA-ELA","asanka"
"JA/QT/20","Invoice No.","50%","7 to 14","20","JA-ELA","asanka"
"JA/QT/21","Invoice No.","0","5 to 8","21","JA-ELA","asanka"
"JA/QT/22","Invoice No.","Full Amount","2 to 3","22","JA-ELA","asanka"
"JA/QT/23","Invoice No.","0","1 to 2","23","JA-ELA","asanka"
"JA/INV/11","Invoice No.","50%","7 to 10","11","JA-ELA","asanka"
"JA/INV/12","Invoice No.","50%","7 to 10","12","JA-ELA","asanka"
"JA/QT/25","Invoice No.","75%","50 to 70","25","JA-ELA","asanka"
"JA/QT/27","Invoice No.","75%","50 to 70","27","JA-ELA","asanka"
"JA/QT/28","Invoice No.","50%","3 to 4","28","JA-ELA","asanka"
"JA/INV/13","Invoice No.","0","1 to 2 Days","13","JA-ELA","asanka"
"JA/EST/5","Invoice No.","50%","7 to 10","5","JA-ELA","asanka"
"JA/INV/14","Invoice No.","50%","7 to 10","14","JA-ELA","asanka"
"JA/QT/31","Invoice No.","50%","1","31","JA-ELA","asanka"
"JA/QT/34","Invoice No.","0","2","34","JA-ELA","asanka"
"JA/QT/35","Invoice No.","50%","14 to 21","35","JA-ELA","asanka"
"JA/QT/36","Invoice No.","50%","2 to 3","36","JA-ELA","asanka"
"JA/QT/37","Invoice No.","100%","2 to 3","37","JA-ELA","asanka"
"JA/QT/38","Invoice No.","0","1 to 2","38","JA-ELA","asanka"
"JA/QT/39","Invoice No.","50%","14 to 21","39","JA-ELA","asanka"
"JA/INV/16","Perfoma Invoice No.","50%","7 to 10","16","JA-ELA","asanka"
"JA/QT/40","Invoice No.","50%","15 to 19","40","JA-ELA","asanka"
"JA/QT/41","Invoice No.","50%","14 to 16","41","JA-ELA","asanka"
"JA/QT/42","Invoice No.","50%","7 to 10","42","JA-ELA","asanka"
"JA/INV/18","Perfoma Invoice No.","50%","7 to 10","18","JA-ELA","asanka"
"JA/INV/20","Invoice No.","50%","7 to 10","20","JA-ELA","asanka"
"JA/INV/21","Invoice No.","50%","7 to 10","21","JA-ELA","asanka"
"JA/QT/43","Invoice No.","50%","2 to 3","43","JA-ELA","asanka"
"JA/QT/44","Invoice No.","50%","3 to 4","44","JA-ELA","asanka"
"JA/QT/46","Invoice No.","50%","3 to 4","46","JA-ELA","asanka"
"JA/QT/47","Invoice No.","50%","10 to 14","47","JA-ELA","asanka"
"JA/QT/48","Invoice No.","Rs.30000.00","14 to 18","48","JA-ELA","asanka"
"JA/QT/49","Invoice No.","50%","21 to 30","49","JA-ELA","asanka"
"JA/EST/7","Invoice No.","50%","7 to 10","7","JA-ELA","asanka"
"JA/INV/22","Invoice No.","50%","7 to 10","22","JA-ELA","asanka"
"JA/QT/52","Invoice No.","50%","7 to 10","52","JA-ELA","asanka"
"JA/QT/55","Invoice No.","Rs.300,000.00","10 to 18","55","JA-ELA","asanka"
"JA/INV/27","Invoice No.","50%","7 to 10","27","JA-ELA","asanka"
"JA/QT/58","Invoice No.","50%","30 to 40","58","JA-ELA","asanka"
"JA/INV/29","Invoice No.","50%","7 to 10","29","JA-ELA","asanka"
"JA/QT/60","Invoice No.","50%","15 to 25","60","JA-ELA","admin"
"JA/QT/64","Invoice No.","0","1 to 2","64","JA-ELA","asanka"
"JA/QT/61","Invoice No.","50%","14 to 18","61","JA-ELA","asanka"
"JA/QT/24","Invoice No.","0","1 to 2","24","JA-ELA","asanka"
"JA/QT/32","Invoice No.","50%","3 to 4","32","JA-ELA","asanka"
"JA/INV/23","Invoice No.","50%","7 to 10","23","JA-ELA","asanka"
"JA/QT/53","Invoice No.","50%","7 to 10","53","JA-ELA","asanka"
"JA/INV/26","Invoice No.","50%","7 to 10","26","JA-ELA","asanka"
"JA/INV/28","Perfoma Invoice No.","50%","10 to 18","28","JA-ELA","asanka"
"JA/INV/30","Invoice No.","50%","7 to 10","30","JA-ELA","asanka"
"JA/INV/31","Invoice No.","50%","7 to 10","31","JA-ELA","asanka"
"JA/QT/62","Invoice No.","50%","3 to 4","62","JA-ELA","asanka"
"JA/INV/33","Invoice No.","50%","7 to 10","33","JA-ELA","asanka"
"JA/QT/66","Invoice No.","55%","19 to 24","66","JA-ELA","admin"
"JA/INV/32","Invoice No.","50%","7 to 10","32","JA-ELA","asanka"
"JA/QT/70","Invoice No.","50%","14 to 18","70","JA-ELA","asanka"
"JA/INV/9","Invoice No.","50%","7 to 10","9","JA-ELA","asanka"
"JA/INV/24","Invoice No.","50%","7 to 10","24","JA-ELA","asanka"
"JA/QT/59","Invoice No.","","2","59","JA-ELA","asanka"
"JA/INV/25","Invoice No.","50%","7 to 10","25","JA-ELA","asanka"
"JA/QT/18","Invoice No.","0","1 ","18","JA-ELA","asanka"
"JA/QT/19","Invoice No.","0","1","19","JA-ELA","asanka"
"JA/QT/33","Invoice No.","50%","0","33","JA-ELA","asanka"
"JA/QT/45","Invoice No.","50%","40 to 50","45","JA-ELA","asanka"
"JA/QT/51","Invoice No.","50%","35 to 45","51","JA-ELA","asanka"
"JA/QT/63","Invoice No.","50%","4 to 6","63","JA-ELA","admin"
"JA/QT/69","Invoice No.","50%","2 to 4","69","JA-ELA","asanka"
"JA/QT/13","Invoice No.","0","7 to 10","13","JA-ELA","asanka"
"JA/EST/6","Invoice No.","0","1 to 2","6","JA-ELA","asanka"
"JA/INV/15","Perfoma Invoice No.","50%","7 to 10","15","JA-ELA","asanka"
"JA/INV/17","Invoice No.","50%","7 to 10","17","JA-ELA","asanka"
"JA/INV/19","Perfoma Invoice No.","50%","7 to 10","19","JA-ELA","asanka"
"JA/QT/12","Invoice No.","0","3 to 6 Days","12","JA-ELA","asanka"
"JA/QT/56","Invoice No.","50%","10 to 18","56","JA-ELA","asanka"
"JA/QT/57","Invoice No.","50%","10 to 18","57","JA-ELA","asanka"
"JA/QT/65","Invoice No.","50%","10 to 14","65","JA-ELA","admin"
"JA/INV/8","Invoice No.","50%","7 to 10","8","JA-ELA","asanka"
"JA/QT/26","Invoice No.","75%","50 to 70","26","JA-ELA","asanka"
"JA/QT/29","Invoice No.","50%","45 to 50","29","JA-ELA","asanka"
"JA/QT/3","","50%","10 to 15","3","JA-ELA","asanka"
"JA/QT/30","Invoice No.","50%","20 to 25","30","JA-ELA","asanka"
"JA/QT/50","Invoice No.","50%","14 to 21","50","JA-ELA","asanka"
"JA/QT/54","Invoice No.","50%","7 to 10","54","JA-ELA","asanka"
"JA/QT/67","Invoice No.","75%","25 to 30","67","JA-ELA","asanka"
"JA/QT/11","Invoice No.","0","1 to 2 Days","11","JA-ELA","asanka"
"JA/QT/68","Invoice No.","75%","14 to 21","68","JA-ELA","asanka"
"JA/INV/34","Perfoma Invoice No.","50%","7 to 10","34","JA-ELA","asanka"
