"ref","nic","short","name","mob_no","epf_no","rph","status"
"1","198823601365V","AMILA","Amila Sampath","0714942440","0","200","Active"
"2","920430813V","HARSHA","Harsha Manjula","0788230062","0","200","Active"
"3","19951026","DINUKA","Dinuka Udayanga","0754432928","00","200","Active"
"5","960971590v","SUJITH","Anton Sujith","000","000","150","Active"
"7","199521703260","NIMESH","Nimesh Maduranga","0785900075","00","150","Active"
"8","951721859V","SAMARAKOON","Dushantha Samarakoon","0779019875","00","250","Active"
"9","191022229V","PUBUDU","PUBUDU RANGANA","0713738446","","250","Active"
"4","198823204281","ROHAN","Rohan Chandrasena","0781744838","00","150","Active"
"6","200152200371","ANUSHA","Anusha Sandamalee","070213688","00","57.7","Active"
