"ref","item","des","wid","len","qty","up","udis","stotal","dis","tot","br","code","uom","no","itcode"
"1","ROLLER DOORS ( Zinc Alum Powder Coated / 0.6mm Panel Thickness with Color Coating )
( 12 Years Shutter Panel Warranty  & 1 Year Mechanism Warranty [ Condition Apply ] )
","","0","0","1","750.00","0","1","0","750.00","JA-ELA","JA/QT/1","Sq Feet","1","1005"
"2","DOOR Reconstruction (Extra Large)
(PVC Beading/ROBIN MDF Sheet/Zinc Alloy 0.35mm  Sheet)
","","0","0","1","30000.00","0","2","0","60000.00","JA-ELA","JA/EST/2","Pcs","1","1181"
"1","ROLLER DOORS ( Zinc Alum Powder Coated / 0.6mm Panel Thickness with Color Coating )
( 12 Years Shutter Panel Warranty  & 1 Year Mechanism Warranty [ Condition Apply ] )
","","0","0","1","750.00","0","1","0","750.00","JA-ELA","JA/INV/1","Sq Feet","1","1005"
"2","LORRY BODY 6.25 feet Japan Model Aluminium Box
(Non Rivet/Taiwan Lock Set/1.1mm Aluminium/5mm Plywood/2mm Metal Plate/1x1 1.1mmBox Bar/2X2 2mm Box Bar)","","0","0","1","185000.00","0","1","0","185000.00","JA-ELA","JA/INV/2","Pcs","1","1114"
"5","REPAIR Works
(Rear Side small Repair/ metal Lock )
","","0","0","1","5000.00","0","1","0","5000.00","JA-ELA","JA/QT/7","Pcs","1","1041"
"14","LANKA BED Mahindra Maxximo  (1.2mm Zincoted)
","","0","0","1","63000.00","0","1","0","63000.00","JA-ELA","JA/QT/14","Pcs","1","1145"
"7","REPAIR Works
(Mud Guard )
","","0","0","1","2000.00","0","1","0","2000.00","JA-ELA","JA/INV/7","Pcs","1","1041"
"3","Aluminium Works 1.2mm (18G)
","","0","0","1","5800.00","0","2","0","11600.00","JA-ELA","JA/EST/3","Pcs","1","1102"
"4","DOOR Reconstruction (Shutter Board)
(PVC Beading/MACBOOK Shutter  Board/Zinc Alloy 0.35mm  Sheet)
","","0","0","1","30000.00","0","1","0","30000.00","JA-ELA","JA/EST/4","Pcs","1","1182"
"15","Container 1 Side 20 x 8 Feet Area Heat Proofing Job
(Kempas Wood Frames / 2 Inch Hydensity Rigifoam Laying / 15mm Water Proof Shuter Board Layin and Fiberglass Finish )


","","0","0","1","274000.00","0","1","0","274000.00","JA-ELA","JA/QT/15","Pcs","1","1040"
"16","LANKA BED Mahindra Maxximo  (1.2mm Zincoted)
","","0","0","1","63000.00","0","1","0","63000.00","JA-ELA","JA/QT/16","Pcs","1","1145"
"17","+ Lorry Bed Installation
","","0","0","1","2000.00","0","1","0","2000.00","JA-ELA","JA/QT/17","Pcs","2","1068"
"10","Extension Lorry Body 14.5 to 16.5 Feet
","","0","0","1","95000.00","0","1","0","95000.00","JA-ELA","JA/INV/10","Pcs","1","1047"
"20","LORRY BODY 6.25 feet Japan Model White Box
(With Bed Price/ Non Rivet/Taiwan Lock Set/4mm Composite/5mm Plywood/2mm Metal Plate/1x1 1.1mmBox Bar/2X2 2mm Box Bar)
","","0","0","1","130000.00","0","1","0","130000.00","JA-ELA","JA/QT/20","Pcs","1","1115"
"21","DOOR Reconstruction (Extra Large)
(PVC Beading/ROBIN MDF Sheet/Zinc Alloy 0.35mm  Sheet)
","","0","0","1","22500.00","0","2","0","45000.00","JA-ELA","JA/QT/21","Pcs","1","1181"
"22","Discount

","","0","0","1","-5000.00","0","1","0","-5000.00","JA-ELA","JA/QT/22","","2","1003"
"12","REPAIR Works (20 Feet Roof)

","","0","0","1","15000.00","0","1","0","15000.00","JA-ELA","JA/INV/12","Pcs","1","1041"
"28","DOOR Reconstruction (Small)
(PVC Beading/ROBIN MDF Sheet/Zinc Alloy 0.35mm Sheet)

","","0","0","1","16000.00","0","1","0","16000.00","JA-ELA","JA/QT/28","Pcs","1","1179"
"14","LANKA BED TATA 207  (2mm MS Plate)
","","0","0","1","97000.00","0","1","0","97000.00","JA-ELA","JA/INV/14","Pcs","1","1152"
"15","REPAIR Works
(Door Pin )
","","0","0","1","6500.00","0","1","0","6500.00","JA-ELA","JA/QT/31","Pcs","1","1041"
"35","LORRY BODY 10.5 feet Japan Model Aluminium Box
(Non Rivet/Taiwan Lock Set/1.2mm Aluminium/9mm Plywood/2mm Metal Plate/1x1 1.4mmBox Bar/2X2 2mm Box Bar)
","","0","0","1","295000.00","0","1","0","295000.00","JA-ELA","JA/QT/35","Pcs","1","1130"
"36","DOOR Reconstruction (Shutter Board)
(PVC Beading/MACBOOK Shutter Board/Zinc Alloy 0.35mm  Sheet)
","","0","0","1","30000.00","0","2","0","60000.00","JA-ELA","JA/QT/36","Pcs","1","1182"
"38","Aluminium Works 1.2mm (18G)
(One Side Non Rivet Sheet Replace)","","0","0","1","25000.00","0","1","0","25000.00","JA-ELA","JA/QT/38","Pcs","1","1102"
"16","Aluminium Works 1.2mm (18G)
(One Side Non Rivet Sheet Replace)
","","0","0","1","25000.00","0","1","0","25000.00","JA-ELA","JA/INV/16","Pcs","1","1102"
"40","LANKA BED Mahindra Maxximo   (1.5mm Zincoted)
(8 Feet)
","","0","0","1","80000.00","0","1","0","80000.00","JA-ELA","JA/QT/40","Pcs","1","1149"
"41","LANKA BED Mahindra Maxximo   (1.5mm Zincoted)
","","0","0","1","75000.00","0","1","0","75000.00","JA-ELA","JA/QT/41","Pcs","1","1149"
"42","Designed Works 
","","0","0","1","515000.00","0","1","0","515000.00","JA-ELA","JA/QT/42","Pcs","1","1040"
"32","REPAIR Works
(Rear 2 Doors Repair/ new Beiding 
","","0","0","1","35000.00","0","1","0","35000.00","JA-ELA","JA/QT/32","Pcs","1","1041"
"32","Discount

","","0","0","1","-4000.00","0","1","0","-4000.00","JA-ELA","JA/QT/32","","2","1003"
"18","
LORRY BODY 22 feet Japan Model Aluminium Box
(Non Rivet/Taiwan Lock Set/1.5mm Aluminium/9mm Plywood/2x2 1.6mm Box Bar)
Warranty:
Body Structure and Waterproofing Warranty for 05 Years. /Doors Warranty for 03 Years. /Door Beading for 01 Year. /Front & Rear Side Paint Warranty For 1 Year.
(Condition Apply)	
","","0","0","1","650000.00","0","1","0","650000.00","JA-ELA","JA/INV/18","Pcs","1","1040"
"22","LANKA BED TATA Batta   (1.2mm Zincoted)
","","0","0","1","63000.00","0","1","0","63000.00","JA-ELA","JA/QT/47","Pcs","1","1144"
"48","LANKA BED Mahindra Maxximo  (1.2mm Zincoted)
","","0","0","1","65000.00","0","1","0","65000.00","JA-ELA","JA/QT/48","Pcs","1","1145"
"7","Set Bar Corner (10 feet)","","0","0","1","3000.00","0","10","0","30000.00","JA-ELA","JA/EST/7","Pcs","1","1080"
"22","DOOR Reconstruction (Extra Large)
(PVC Beading/ROBIN MDF Sheet/Zinc Alloy 0.35mm  Sheet)
","","0","0","1","30000.00","0","2","0","60000.00","JA-ELA","JA/INV/22","Pcs","1","1181"
"22","Body Sealant (wurth)
","","0","0","1","2950.00","0","1","0","2950.00","JA-ELA","JA/INV/22","Pcs","2","1059"
"22","Paint Works

","","0","0","1","8000.00","0","1","0","8000.00","JA-ELA","JA/INV/22","Pcs","3","1042"
"22","Labour Charges

","","0","0","1","7500.00","0","1","0","7500.00","JA-ELA","JA/INV/22","","4","1045"
"52","Door Hinges
","","0","0","1","3500.00","0","3","0","10500.00","JA-ELA","JA/QT/52","Pcs","1","1056"
"52","Silicone Works for 1 feet (Roof)
","","0","0","1","1200.00","0","14.5","0","17400.00","JA-ELA","JA/QT/52","Pcs","2","1109"
"52","Discount

","","0","0","1","-2400.00","0","1","0","-2400.00","JA-ELA","JA/QT/52","","3","1003"
"52","Body Light (Taiwan)
","","0","0","1","1000.00","0","2","0","2000.00","JA-ELA","JA/QT/52","Pcs","4","1077"
"52","T Lock

","","0","0","1","1500.00","0","2","0","3000.00","JA-ELA","JA/QT/52","Pcs","5","1040"
"52","Side Guard (Large)
","","0","0","1","9500.00","0","1","0","9500.00","JA-ELA","JA/QT/52","Pcs","6","1097"
"52","Rear Gutter 
","","0","0","1","4500.00","0","1","0","4500.00","JA-ELA","JA/QT/52","Pcs","7","1086"
"52","Mud Flap","","0","0","1","1500.00","0","1","0","1500.00","JA-ELA","JA/QT/52","Pcs","8","1040"
"23","REPAIR Works


","","0","0","1","18000.00","0","1","0","18000.00","JA-ELA","JA/QT/52","Pcs","9","1041"
"55","LORRY BODY 18.5 feet Japan Model Aluminium Box
(Non Rivet/Taiwan Lock Set/1.2mm Aluminium/9mm Plywood/3mm Metal Plate/1.5x1.5 1.6mmBox Bar/4X2 2.5mm Box Bar)","","0","0","1","595000.00","0","1","0","595000.00","JA-ELA","JA/QT/55","Pcs","1","1139"
"27","Cabin Tinker and Paint Works
","","0","0","1","150000.00","0","1","0","150000.00","JA-ELA","JA/INV/27","Pcs","1","1189"
"58","Chassis Chipping & Under Coating Works 

","","0","0","1","8000.00","0","1","0","8000.00","JA-ELA","JA/QT/58","Pcs","2","1040"
"29","Silicone Works for 1 feet (Roof)
","","0","0","1","1500.00","0","14.5","0","21750.00","JA-ELA","JA/INV/29","Pcs","1","1109"
"33","DOOR Reconstruction (Shutter Board) (2 Years Warranty)

(PVC Beading/MACBOOK Shutter Board/Zinc Alloy 0.35mm  Sheet)
","","0","0","1","40000.00","0","2","0","80000.00","JA-ELA","JA/QT/64","Pcs","1","1182"
"61","LORRY BODY 18.5 feet Japan Model Aluminium Box
(Japan Corner Pannal / Non Rivet/Taiwan Lock Set/1.5mm Aluminium/9mm Plywood/3mm Metal Plate/1.5x1.5 1.6mmBox Bar/4X2 2.5mm Box Bar)","","0","0","1","550000.00","0","1","0","550000.00","JA-ELA","JA/QT/61","Pcs","1","1139"
"33","DOOR Reconstruction (Shutter Board) (2 Years Warranty)

(PVC Beading/MACBOOK Shutter Board/Zinc Alloy 0.35mm  Sheet)
","","0","0","1","40000.00","0","2","0","80000.00","JA-ELA","JA/QT/64","Pcs","1","1182"
"33","LORRY BODY 8.25 feet Japan Model White Box
( Non Rivet/Taiwan Lock Set/2mm Metal Plate/1x1 1.1mmBox Bar/2X2 2mm Box Bar)
","","0","0","1","270000.00","0","1","0","270000.00","JA-ELA","JA/QT/66","Pcs","1","1123"
"9","LORRY BODY 7.25 feet Japan Model Aluminium Box
(With Bed Price/ Non Rivet/Taiwan Lock Set/1.1mm Aluminium/5mm Plywood/2mm Metal Plate/1x1 1.1mmBox Bar/2X2 2mm Box Bar)
","","0","0","1","130000.00","0","1","0","130000.00","JA-ELA","JA/INV/9","Pcs","1","1118"
"9","+ Side Door

","","0","0","1","10000.00","0","1","0","10000.00","JA-ELA","JA/INV/9","Pcs","2","1065"
"9","Discount

","","0","0","1","-15000.00","0","1","0","-15000.00","JA-ELA","JA/INV/9","","3","1003"
"9","WARRANTY 
[ 1 year For 3 Doors / 5 Years For Body Structure / 3 Years For Waterproofing  (Condition Apply) ]
","","0","0","1","0.00","0","1","0","0.00","JA-ELA","JA/INV/9","Pcs","4","1187"
"62","S/S Door Frame REPAIR Works
","","0","0","1","8000.00","0","1","0","8000.00","JA-ELA","JA/QT/62","Pcs","3","1041"
"62","Discount

","","0","0","1","-8000.00","0","1","0","-8000.00","JA-ELA","JA/QT/62","","4","1003"
"62","Galvanised Door Lock Set For 1 Door (Taiwan)","","0","0","1","10000.00","0","2","0","20000.00","JA-ELA","JA/QT/62","Pcs","2","1049"
"62","XL DOOR Reconstruction (Freezer)
","","0","0","1","60000.00","0","2","0","120000.00","JA-ELA","JA/QT/62","Pcs","1","1184"
"33","LORRY BODY 8.25 feet Japan Model White Box
( Non Rivet/Taiwan Lock Set/2mm Metal Plate/1x1 1.1mmBox Bar/2X2 2mm Box Bar)
","","0","0","1","270000.00","0","1","0","270000.00","JA-ELA","JA/QT/66","Pcs","1","1123"
"31","Discount

","","0","0","1","-90000.00","0","1","0","-90000.00","JA-ELA","JA/QT/60","","2","1003"
"60","LORRY BODY 20 feet Japan Model Aluminium Box
(Japan Corner Pannel /Non Rivet/Taiwan Lock Set/1.5mm Aluminium/9mm Plywood/4mm Metal Plate/2x2 1.6mm Box Bar/4X2 3mm Box Bar)
Lorrys Registred Numbers :  47- 3621 (TATA 1313) / LK-7247 / LL-7242 / LK-7230 /  LK-7249 (LAYLAND E COMET)","","0","0","1","545000.00","0","5","0","2725000.00","JA-ELA","JA/QT/60","Pcs","1","1140"
"18","Rear Side REPAIR Works

","","0","0","1","7500.00","0","1","0","7500.00","JA-ELA","JA/QT/18","Pcs","1","1041"
"18","Discount

","","0","0","1","-2500.00","0","1","0","-2500.00","JA-ELA","JA/QT/18","","2","1003"
"19","Rear Side REPAIR Works

","","0","0","1","6500.00","0","1","0","6500.00","JA-ELA","JA/QT/19","Pcs","1","1041"
"24","LORRY BODY 10.5 feet Japan Model Aluminium Box
(Non Rivet/Taiwan Lock Set/1.1mm Aluminium/6mm Plywood/2mm Metal Plate/1x1 1.4mmBox Bar/2X2 2mm Box Bar)","","0","0","1","295000.00","0","1","0","295000.00","JA-ELA","JA/INV/24","Pcs","1","1130"
"24","+ Side Door

","","0","0","1","10000.00","0","1","0","10000.00","JA-ELA","JA/INV/24","Pcs","2","1065"
"24","+ White Paint
","","0","0","1","15000.00","0","1","0","15000.00","JA-ELA","JA/INV/24","Pcs","3","1074"
"24","Bed

","","0","0","1","-65000.00","0","1","0","-65000.00","JA-ELA","JA/INV/24","","4","1003"
"24","Advance 
","","0","0","1","-50000.00","0","1","0","-50000.00","JA-ELA","JA/INV/24","","5","1003"
"59","REPAIR Works
(3 Doors Repair)","","0","0","1","38000.00","0","1","0","38000.00","JA-ELA","JA/QT/59","Pcs","1","1041"
"59","Discount

","","0","0","1","-3000.00","0","1","0","-3000.00","JA-ELA","JA/QT/59","","2","1003"
"25","Rear Gutter 
","","0","0","1","4500.00","0","1","0","4500.00","JA-ELA","JA/INV/25","Pcs","2","1086"
"25","Silicone Works for 1 feet (Roof)
","","0","0","1","1200.00","0","14","0","16800.00","JA-ELA","JA/INV/25","Pcs","3","1109"
"25","Plywood Works 5mm 
","","0","0","1","2850.00","0","13","0","37050.00","JA-ELA","JA/INV/25","Pcs","4","1099"
"25","REPAIR Works

","","0","0","1","8000.00","0","1","0","8000.00","JA-ELA","JA/INV/25","Pcs","5","1041"
"25","DOOR Reconstruction (Extra Large)
(PVC Beading/ROBIN MDF Sheet/Zinc Alloy 0.35mm  Sheet)
","","0","0","1","22500.00","0","2","0","45000.00","JA-ELA","JA/INV/25","Pcs","1","1181"
"13","LORRY BODY 8.25 feet Japan Model Aluminium Box
(With Bed Price/ Non Rivet/Taiwan Lock Set/1.1mm Aluminium/5mm Plywood/2mm Metal Plate/1x1 1.1mmBox Bar/2X2 2mm Box Bar)
","","0","0","1","145000.00","0","1","0","145000.00","JA-ELA","JA/QT/13","Pcs","1","1122"
"13","+ Side Door

","","0","0","1","10000.00","0","1","0","10000.00","JA-ELA","JA/QT/13","Pcs","2","1065"
"51","Cabin Tinker and Paint Works


","","0","0","1","150000.00","0","1","0","150000.00","JA-ELA","JA/QT/51","Pcs","1","1040"
"51","Discount

","","0","0","1","-25000.00","0","1","0","-25000.00","JA-ELA","JA/QT/51","","2","1003"
"51","Container Full Inside Area Heat Proofing Job
(Kempas Wood Frames / 2 Inch Hydensity Rigifoam Laying / 15mm Long Life Waterproof Shuter Board Layin and 3mm thickness Fiberglass Finish/ 768 Square Foot)


","","0","0","1","1520.00","0"," 768","0","1167360.00","JA-ELA","JA/QT/51","Pcs","3","1040"
"51","Rear Body (Container Box) Full Paint


","","0","0","1","75000.00","0","1","0","75000.00","JA-ELA","JA/QT/51","Pcs","4","1040"
"51","Mud Guard (Extra Large)

","","0","0","1","15000.00","0","1","0","15000.00","JA-ELA","JA/QT/51","Pcs","5","1040"
"51","Side Guard Full Side (Extra Large)

","","0","0","1","15000.00","0","1","0","15000.00","JA-ELA","JA/QT/51","Pcs","6","1040"
"51","Chassis (Sanding And Undercoating)

","","0","0","1","20000.00","0","1","0","20000.00","JA-ELA","JA/QT/51","Pcs","7","1040"
"51","Front Bufer
","","0","0","1","17000.00","0","1","0","17000.00","JA-ELA","JA/QT/51","Pcs","8","1040"
"51","REPAIR Works
(Rear 2 Door )","","0","0","1","5000.00","0","1","0","5000.00","JA-ELA","JA/QT/51","Pcs","9","1040"
"51","Bottom Floorboard and Under Bar Repair

","","0","0","1","68000.00","0","1","0","68000.00","JA-ELA","JA/QT/51","Pcs","10","1041"
"34","Freezer Body REPAIR Works
(Fiber Glass /3 Points)


","","0","0","1","30000.00","0","1","0","30000.00","JA-ELA","JA/QT/69","Pcs","1","1041"
"34","Paint Works
(Door/Front Corner/Front Panel)
","","0","0","1","24000.00","0","1","0","24000.00","JA-ELA","JA/QT/69","Pcs","2","1042"
"69","Discount

","","0","0","1","-9000.00","0","1","0","-9000.00","JA-ELA","JA/QT/69","","3","1003"
"12","DOOR Reconstruction (Extra Large)
(PVC Beading/ROBIN MDF Sheet/Zinc Alloy 0.35mm  Sheet)
","","0","0","1","22500.00","0","2","0","45000.00","JA-ELA","JA/QT/12","Pcs","1","1181"
"12","Rear Gutter 
","","0","0","1","4500.00","0","1","0","4500.00","JA-ELA","JA/QT/12","Pcs","2","1086"
"12","Silicone Works for 1 feet (Roof)
","","0","0","1","1200.00","0","14","0","16800.00","JA-ELA","JA/QT/12","Pcs","3","1109"
"12","Plywood Works 5mm 
","","0","0","1","2850.00","0","13","0","37050.00","JA-ELA","JA/QT/12","Pcs","4","1099"
"12","REPAIR Works

","","0","0","1","8000.00","0","1","0","8000.00","JA-ELA","JA/QT/12","Pcs","5","1041"
"12","Discount

","","0","0","1","-7500.00","0","1","0","-7500.00","JA-ELA","JA/QT/12","","6","1003"
"15","LORRY BODY 22 feet Japan Model Aluminium Box
(Non Rivet/Taiwan Lock Set/1.5mm Aluminium/9mm Plywood/2x2 1.6mm Box Bar)","","0","0","1","650000.00","0","1","0","650000.00","JA-ELA","JA/INV/15","Pcs","1","1140"
"15","When the Use Flat Bed is used to Production

","","0","0","1","-110000.00","0","1","0","-110000.00","JA-ELA","JA/INV/15","Pcs","2","1040"
"15","Discount

","","0","0","1","-25000.00","0","1","0","-25000.00","JA-ELA","JA/INV/15","","3","1003"
"19","Designed Works 

","","0","0","1","515000.00","0","1","0","515000.00","JA-ELA","JA/INV/19","Pcs","1","1040"
"56","LORRY BODY 12 feet Japan Model Aluminium Box
(3 Doors / Corrugated Aluminium Sheet / Japan Model Corner Bar / Taiwan Lock Set / 9mm Plywood / 2.5mm Metal Plate/ 1x1 1.4mmBox Bar/ 3X1.5 2mm Box Bar)
","","0","0","1","375000.00","0","1","0","375000.00","JA-ELA","JA/QT/56","Pcs","1","1133"
"56","Aluminium 1mm Checker Palte Works 
","","0","0","1","30000.00","0","1","0","30000.00","JA-ELA","JA/QT/56","Pcs","2","1040"
"57","LORRY BODY 12 feet Japan Model Aluminium Box
(3 Doors / Corrugated Aluminium Sheet / Japan Model Corner Bar / Taiwan Lock Set / 9mm Plywood / 2.5mm Metal Plate/ 1x1 1.4mmBox Bar/ 3X1.5 2mm Box Bar)","","0","0","1","375000.00","0","1","0","375000.00","JA-ELA","JA/QT/57","Pcs","1","1133"
"27","Aluminium Checker  Plate 1.2mm (18G)
","","0","0","1","6450.00","0","10","0","64500.00","JA-ELA","JA/QT/57","Pcs","2","1106"
"57","Camera and Display ( Rs.8500.00 + 1500.00 = Rs.10000.00)","","0","0","1","10000.00","0","1","0","10000.00","JA-ELA","JA/QT/57","Pcs","3","1040"
"63","Door Lock Set (1 Door / Taiwan)","","0","0","1","10000.00","0","2","0","20000.00","JA-ELA","JA/QT/63","Pcs","2","1049"
"63","S/S Door Frame REPAIR Works
","","0","0","1","8000.00","0","1","0","8000.00","JA-ELA","JA/QT/63","Pcs","3","1041"
"63","Discount

","","0","0","1","-8000.00","0","1","0","-8000.00","JA-ELA","JA/QT/63","","4","1003"
"63","XL DOOR Reconstruction (Freezer)","","0","0","1","65000.00","0","3","0","195000.00","JA-ELA","JA/QT/63","Pcs","1","1184"
"8","Aluminium Works 1.2mm (18G)
","","0","0","1","5800.00","0","2","0","11600.00","JA-ELA","JA/INV/8","Pcs","1","1102"
"8","Body Sealant (wurth)
","","0","0","1","2950.00","0","2","0","5900.00","JA-ELA","JA/INV/8","Pcs","2","1059"
"8","Rivet

","","0","0","1","5.00","0","100","0","500.00","JA-ELA","JA/INV/8","Pcs","3","1061"
"8","Plywood Works 5mm 
","","0","0","1","2850.00","0","1","0","2850.00","JA-ELA","JA/INV/8","Pcs","4","1099"
"8","Labour Charges

","","0","0","1","17000.00","0","1","0","17000.00","JA-ELA","JA/INV/8","Pcs","5","1044"
"29","Rear Door Repair and  Fiberglass
","","0","0","1","48000.00","0","1","0","48000.00","JA-ELA","JA/QT/29","Pcs","3","1040"
"14","Cabin Tinker Works and Full Paint (Cabin / Container Box)


","","0","0","1","345000.00","0","1","0","345000.00","JA-ELA","JA/QT/29","Pcs","1","1189"
"14","Other REPAIR Works
(2 Sides / Rear Side /Side Guard Repair / New Mud Guards Set and Mud Flap /Battery Guard and Other Rrpair Works)
","","0","0","1","185000.00","0","1","0","185000.00","JA-ELA","JA/QT/29","Pcs","2","1041"
"29","Discount

","","0","0","1","-18000.00","0","1","0","-18000.00","JA-ELA","JA/QT/29","","4","1003"
"30","Tinker Works and Paint Works
(Floor Board /All Tinker )
","","0","0","1","165000.00","0","1","0","165000.00","JA-ELA","JA/QT/30","Pcs","1","1189"
"65","Discount

","","0","0","1","-10000.00","0","1","0","-10000.00","JA-ELA","JA/QT/65","","2","1003"
"33","LORRY BODY 9.25 feet Japan Model Aluminium Box (5 Years Warranty / 1 Year Warranty 3 Doors )
(With Bed Price/ Non Rivet/Taiwan Lock Set/1.1mm Aluminium/5mm Plywood/2mm Metal Plate/1x1 1.1mmBox Bar/2X2 2mm Box Bar)","","0","0","1","270000.00","0","1","0","270000.00","JA-ELA","JA/QT/65","Pcs","1","1126"
"65","LORRY BODY 9.25 feet Japan Model Aluminium Box (5 Years Warranty / 1 Year Warranty 3 Doors )
(With Bed Price/ Non Rivet/Taiwan Lock Set/1.1mm Aluminium/5mm Plywood/2mm Metal Plate/1x1 1.1mmBox Bar/2X2 2mm Box Bar)","","0","0","1","270000.00","0","2","0","540000.00","JA-ELA","JA/QT/65","Pcs","1","1126"
"65","LORRY BODY 9.25 feet Japan Model Aluminium Box (5 Years Warranty / 1 Year Warranty 3 Doors )
(With Bed Price/ Non Rivet/Taiwan Lock Set/1.1mm Aluminium/5mm Plywood/2mm Metal Plate/1x1 1.1mmBox Bar/2X2 2mm Box Bar)","","0","0","1","270000.00","0","5","0","1350000.00","JA-ELA","JA/QT/65","Pcs","1","1126"
"11","DOOR Reconstruction (Extra Large)
(PVC Beading/ROBIN MDF Sheet/Zinc Alloy 0.35mm  Sheet)
","","0","0","1","22500.00","0","2","0","45000.00","JA-ELA","JA/QT/11","Pcs","1","1181"
"11","Rear Gutter 
","","0","0","1","4500.00","0","1","0","4500.00","JA-ELA","JA/QT/11","Pcs","2","1086"
"11","Discount

","","0","0","1","-5000.00","0","1","0","-5000.00","JA-ELA","JA/QT/11","","3","1003"
"50","Silicone Works for 1 feet (Roof)
","","0","0","1","1200.00","0","16.5","0","19800.00","JA-ELA","JA/QT/50","Pcs","2","1109"
"50","REPAIR Works (3 Side)

","","0","0","1","78000.00","0","1","0","78000.00","JA-ELA","JA/QT/50","Pcs","3","1041"
"50","Aluminium Works 1.2mm (18G)
","","0","0","1","12000.00","0","1","0","12000.00","JA-ELA","JA/QT/50","Pcs","4","1102"
"50","Body Light (Taiwan)
","","0","0","1","1000.00","0","8","0","8000.00","JA-ELA","JA/QT/50","Pcs","5","1077"
"50","DOOR New Beading (Extra Large)
(PVC Beading)","","0","0","1","14500.00","0","2","0","29000.00","JA-ELA","JA/QT/50","Pcs","6","1181"
"22","+ Corner Cap (Japan)

","","0","0","1","7500.00","0","2","0","15000.00","JA-ELA","JA/QT/50","Pcs","1","1071"
"54","LORRY BODY 10.5 feet Japan Model Aluminium Box
(Non Rivet/Taiwan Lock Set/1.1mm Aluminium/9mm Plywood/2mm Metal Plate/1x1 1.4mmBox Bar/2X2 2mm Box Bar)
","","0","0","1","295000.00","0","1","0","295000.00","JA-ELA","JA/QT/54","Pcs","1","1130"
"54","+ Side Door

","","0","0","1","10000.00","0","1","0","10000.00","JA-ELA","JA/QT/54","Pcs","2","1065"
"54","+ White Paint

","","0","0","1","15000.00","0","1","0","15000.00","JA-ELA","JA/QT/54","Pcs","3","1065"
"3","LORRY BODY 14.5 feet Japan Model Aluminium Box
(Non Rivet/Taiwan Lock Set/1.5mm Aluminium/9mm Plywood/2.5mm Metal Plate/1.5X1.5 1.6mmBox Bar/4X2 2.5mm Box Bar)
","","0","0","1","450000.00","0","1","0","450000.00","JA-ELA","JA/INV/3","Pcs","1","1136"
"67","CONSTRUCTION of 20.0 Feet New Container Box  (5 Years Warranty)
(1.5mm Zincorted Sheet / Floorboad Coverd 3mm  M/S Sheet /2 Side Guard Set / 2 Mud Guard Set / Inside and Outside Light / Chassis Bar and U Bolt /Full Paint  )
 
","","0","0","1","700000.00","0","1","0","700000.00","JA-ELA","JA/QT/67","Pcs","1","1188"
"67","Discount

","","0","0","1","-25000.00","0","1","0","-25000.00","JA-ELA","JA/QT/67","","2","1003"
"68","LORRY BODY 20 feet Japan Model Aluminium Box
(Non Rivet/Taiwan Lock Set/1.5mm Aluminium/9mm Plywood/3mm Metal Plate/1.5x1.5  1.6mm Box Bar/4X2 3mm Box Bar)","","0","0","1","670000.00","0","1","0","670000.00","JA-ELA","JA/QT/68","Pcs","1","1140"
"68","Discount

","","0","0","1","-25000.00","0","1","0","-25000.00","JA-ELA","JA/QT/68","","2","1003"
"34","JMC 12 feet Japan Model Aluminium Box (CHASSIS NO - LEFYECC20KHN01088 / LEFYECC22KHN01139
(3 Doors / Corrugated Aluminium Sheet / Japan Model Corner Bar / Taiwan Lock Set / 9mm Plywood/2.5mm Metal Plate/1x1 1.4mmBox Bar/3X1.5 2mm Box Bar [Aluminium 1mm Checker Plate Works ] )

","","0","0","1","425000.00","0","2","0","850000.00","JA-ELA","JA/INV/34","Pcs","1","1040"
"4","Paint Works

","","0","0","1","39000.00","0","1","0","39000.00","JA-ELA","JA/QT/4","Pcs","1","1042"
"4","Aluminium Works 1mm (20G)
","","0","0","1","73000.00","0","1","0","73000.00","JA-ELA","JA/QT/4","Pcs","2","1102"
"37","DOOR Reconstruction (Shutter Board Waterproof)
(PVC Beading/MACBOOK Shutter Board/Zinc Alloy 0.4mm  Sheet)
(2 Years Full  Warrenty)
","","0","0","1","30000.00","0","2","0","60000.00","JA-ELA","JA/QT/37","Pcs","1","1182"
"37","Discount

","","0","0","1","-5000.00","0","1","0","-5000.00","JA-ELA","JA/QT/37","","2","1003"
"13","CONSTRUCTION of 20.0 Feet Container Box
(Floorboad Coverd 2mm (14g) M/S Sheet /2 Side Guard Set / 2 Mud Guard Set / Inside and Outside Light / Chassis Bar and U Bolt /Full Paint / Good Cundition Container Box )
 
","","0","0","1","650000.00","0","1","0","650000.00","JA-ELA","JA/QT/25","Pcs","1","1040"
"39","LORRY BODY 12 feet Japan Model Aluminium Box
(Non Rivet/Taiwan Lock Set/1.2mm Aluminium/9mm Plywood/2mm Metal Plate/1x1 1.4mmBox Bar/3X1.5 2mm Box Bar)","","0","0","1","335000.00","0","1","0","335000.00","JA-ELA","JA/QT/39","Pcs","1","1133"
"39","+ Corrugated 

","","0","0","1","15000.00","0","1","0","15000.00","JA-ELA","JA/QT/39","Pcs","3","1066"
"49","LORRY BODY 8.25 feet Japan Model Aluminium Box (Without Side Scurting)
(With Bed Price ( -35000.00) / Non Rivet/Taiwan Lock Set/1.1mm Aluminium/1.2 Aluminium /2mm Chuker Plate /1x1 1.4mmBox Bar/2X2 2mm Box Bar)","","0","0","1","385000.00","0","1","0","385000.00","JA-ELA","JA/QT/49","Pcs","1","1122"
"31","REPAIR Works
(3 Doors Repair)
","","0","0","1","38000.00","0","1","0","38000.00","JA-ELA","JA/INV/31","Pcs","1","1041"
"31","Discount

","","0","0","1","-3000.00","0","1","0","-3000.00","JA-ELA","JA/INV/31","","2","1003"
"25","Discount

","","0","0","1","-70000.00","0","1","0","-70000.00","JA-ELA","JA/QT/25","","3","1003"
"25","CONSTRUCTION of 20.0 Feet Container Box
(Floorboad Coverd 2mm (14g) M/S Sheet /2 Side Guard Set (4 x 2 Box Bar )/ 2 Mud Guard Set / Inside and Outside Light / Chassis Bar and U Bolt /Full Paint / Good Cundition Container Box )
 
","","0","0","1","650000.00","0","1","0","650000.00","JA-ELA","JA/QT/25","Pcs","1","1040"
"25","Front Cabin All Tinker Works / Full Recondition And Paint 1



","","0","0","1","395000.00","0","1","0","395000.00","JA-ELA","JA/QT/25","Pcs","2","1040"
"34","DOOR Reconstruction (Large)
(PVC Beading/ROBIN MDF Sheet/Zinc Alloy 0.35mm  Sheet)
","","0","0","1","22500.00","0","1","0","22500.00","JA-ELA","JA/QT/34","Pcs","1","1180"
"28","JMC 12 feet Japan Model Aluminium Lorry Box  (CHASSIS NO - LEFYECC24KHN01367)
(3 Doors / Corrugated Aluminium Sheet / Japan Model Corner Bar / Taiwan Lock Set / 9mm Plywood/2.5mm Metal Plate/1x1 1.4mmBox Bar/3X1.5 2mm Box Bar [Aluminium 1mm Checker Plate Works ] )","","0","0","1","450000.00","0","1","0","450000.00","JA-ELA","JA/INV/28","Pcs","1","1133"
"33","DOOR Reconstruction (Freezer)
","","0","0","1","45000.00","0","3","0","135000.00","JA-ELA","JA/QT/62","Pcs","1","1184"
"29","Paint & All Tinker Works

","","0","0","1","158000.00","0","1","0","158000.00","JA-ELA","JA/QT/58","Pcs","1","1189"
"32","LORRY BODY 8.25 feet Japan Model Aluminium Box
(With Bed Price/ Non Rivet/Taiwan Lock Set/1.1mm Aluminium/5mm Plywood/2mm Metal Plate/1x1 1.1mmBox Bar/2X2 2mm Box Bar)
","","0","0","1","165000.00","0","1","0","165000.00","JA-ELA","JA/INV/32","Pcs","1","1122"
"32","Used Canopy
","","0","0","1","-8000.00","0","1","0","-8000.00","JA-ELA","JA/INV/32","Pcs","2","1164"
"1","U Covering Normal
","","0","0","1","9000.00","0","1","0","9000.00","JA-ELA","JA/EST/1","Pcs","1","1010"
"1","U Covering Normal
","","0","0","1","9000.00","0","1","0","9000.00","JA-ELA","JA/EST/1","Pcs","2","1010"
"1","U Covering Decorative
","","0","0","1","15000.00","0","1","0","15000.00","JA-ELA","JA/EST/1","Pcs","3","1011"
"46","DOOR Reconstruction (Box Bar Metal /Zincoted )
(PVC Beading/1” x 2” inch 1.6mm high tensile galvanize hollow sections/Zinc Coted 1.5mm Sheet)
","","0","0","1","35000.00","0","3","0","105000.00","JA-ELA","JA/QT/46","Pcs","1","1183"
"46","Plywood Works 5mm 
","","0","0","1","2850.00","0","10","0","28500.00","JA-ELA","JA/QT/46","Pcs","2","1099"
"13","CONSTRUCTION of 20.0 Feet Container Box
(Floorboad Coverd 2mm (14g) M/S Sheet /2 Side Guard Set (4 x 2 Box Bar) / 2 Mud Guard Set / Inside and Outside Light / Chassis Bar and U Bolt /Full Paint / Good Cundition Container Box )
 



","","0","0","1","650000.00","0","1","0","650000.00","JA-ELA","JA/QT/26","Pcs","1","1188"
"46","Discount

","","0","0","1","-15000.00","0","1","0","-15000.00","JA-ELA","JA/QT/46","","3","1003"
"53","+ Lorry Body Installation  
","","0","0","1","35000.00","0","1","0","35000.00","JA-ELA","JA/QT/53","Pcs","1","1069"
"53","U Bolt
","","0","0","1","1000.00","0","6","0","6000.00","JA-ELA","JA/QT/53","Pcs","2","1076"
"53","Side Guard (Large)
","","0","0","1","9500.00","0","1","0","9500.00","JA-ELA","JA/QT/53","Pcs","3","1097"
"53","Mud Guard Set (Large)
","","0","0","1","10000.00","0","1","0","10000.00","JA-ELA","JA/QT/53","Pcs","4","1089"
"53","+ Corner Cap (Japan)

","","0","0","1","3500.00","0","2","0","7000.00","JA-ELA","JA/QT/53","Pcs","5","1071"
"53","Discount

","","0","0","1","-12500.00","0","1","0","-12500.00","JA-ELA","JA/QT/53","","6","1003"
"11","DOOR Reconstruction (Extra Large)
(PVC Beading/ROBIN MDF Sheet/Zinc Alloy 0.35mm  Sheet)
","","0","0","1","30000.00","0","2","0","60000.00","JA-ELA","JA/QT/23","Pcs","1","1181"
"11","DOOR Reconstruction (Extra Large)
(PVC Beading/ROBIN MDF Sheet/Zinc Alloy 0.35mm  Sheet)
","","0","0","1","30000.00","0","2","0","60000.00","JA-ELA","JA/QT/24","Pcs","1","1181"
"24","Rear Gutter 
","","0","0","1","5000.00","0","1","0","5000.00","JA-ELA","JA/QT/24","Pcs","2","1086"
"24","Discount

","","0","0","1","-5000.00","0","1","0","-5000.00","JA-ELA","JA/QT/24","","3","1003"
"11","REPAIR Works
(fRON cORNER)
","","0","0","1","6000.00","0","1","0","6000.00","JA-ELA","JA/INV/11","Pcs","1","1041"
"11","Discount

","","0","0","1","-1000.00","0","1","0","-1000.00","JA-ELA","JA/INV/11","","2","1003"
"27","Front Cabin All Tinker Works / Full Recondition And Paint

","","0","0","1","395000.00","0","1","0","395000.00","JA-ELA","JA/QT/27","Pcs","2","1040"
"27","Discount

","","0","0","1","-70000.00","0","1","0","-70000.00","JA-ELA","JA/QT/27","","3","1003"
"27","CONSTRUCTION of 20.0 Feet Container Box
(Floorboad Coverd 2mm (14g) M/S Sheet /2 Side Guard Set (4 x2 Box Bar ) / 2 Mud Guard Set / Inside and Outside Light / Chassis Bar and U Bolt /Full Paint / Good Cundition Container Boxx )


 

","","0","0","1","650000.00","0","1","0","650000.00","JA-ELA","JA/QT/27","Pcs","1","1188"
"5","Set Bar Corner (2 feet)
","","0","0","1","6000.00","0","1","0","6000.00","JA-ELA","JA/EST/5","Pcs","1","1080"
"5","Set Bar Boarder (12 FEET)
","","0","0","1","3500.00","0","12","0","42000.00","JA-ELA","JA/EST/5","Pcs","2","1082"
"5","A/B Foam
","","0","0","1","28000.00","0","1","0","28000.00","JA-ELA","JA/EST/5","Pcs","3","1064"
"5","+ Corner Cap (Japan)

","","0","0","1","8500.00","0","1","0","8500.00","JA-ELA","JA/EST/5","Pcs","4","1071"
"5","Paint Works

","","0","0","1","13500.00","0","1","0","13500.00","JA-ELA","JA/EST/5","Pcs","6","1042"
"14","Labour Charges

","","0","0","1","46000.00","0","1","0","46000.00","JA-ELA","JA/EST/5","","7","1045"
"5","Body Sealant (wurth)
","","0","0","1","2950.00","0","5","0","14750.00","JA-ELA","JA/EST/5","Pcs","8","1059"
"14","A/B GLUE
","","0","0","1","4950.00","0","8","0","39600.00","JA-ELA","JA/EST/5","Pcs","5","1063"
"30","Silicone Works for 1 feet (Roof)
","","0","0","1","1500.00","0","14.5","0","21750.00","JA-ELA","JA/INV/30","Pcs","1","1109"
"30","Plywood Works 9mm 
","","0","0","1","3850.00","0","1","0","3850.00","JA-ELA","JA/INV/30","Pcs","2","1100"
"30","Plywood Works 5mm 
","","0","0","1","2850.00","0","1","0","2850.00","JA-ELA","JA/INV/30","Pcs","3","1099"
"30","REPAIR Works

","","0","0","1","5500.00","0","1","0","5500.00","JA-ELA","JA/INV/30","Pcs","4","1041"
"30","
","","0","0","1","-3950.00","0","1","0","-3950.00","JA-ELA","JA/INV/30","Pcs","5","1003"
"2","ROLLER DOORS ( Zinc Alum Powder Coated / 0.6mm Panel Thickness with Color Coating )
( 12 Years Shutter Panel Warranty  & 1 Year Mechanism Warranty [ Condition Apply ] )
","","0","0","1","750.00","0","1","0","750.00","JA-ELA","JA/QT/2","Sq Feet","1","1005"
"2","Discount

","","0","0","1","-50.00","0","1","0","-50.00","JA-ELA","JA/QT/2","","2","1003"
"2","ROLLER SHUTTER ( Aluminium )
( 5 Years Shutter Panel Warranty  & 1 Year Mechanism Warranty [ Condition Apply ] )
","","0","0","1","1250.00","0","1","0","1250.00","JA-ELA","JA/QT/2","Sq Feet","3","1009"
"2","U Covering Normal
","","0","0","1","9000.00","0","1","0","9000.00","JA-ELA","JA/QT/2","Pcs","4","1010"
"2","Tempered Glass Door & Fittings 
(VVPTaiwan Hinges / Lock Set & FabricationFee )
","","0","0","1","19500.00","0","1","0","19500.00","JA-ELA","JA/QT/2","","5","1020"
"13","DOOR Reconstruction (Extra Large)
(PVC Beading/ROBIN MDF Sheet/Zinc Alloy 0.35mm  Sheet)
","","0","0","1","22500.00","0","2","0","45000.00","JA-ELA","JA/INV/13","Pcs","1","1181"
"13","Rear Gutter 
","","0","0","1","4500.00","0","1","0","4500.00","JA-ELA","JA/INV/13","Pcs","2","1086"
"13","Discount

","","0","0","1","-5000.00","0","1","0","-5000.00","JA-ELA","JA/INV/13","","3","1003"
"22","Rear Body (Container Box) Full Paint

","","0","0","1","75000.00","0","1","0","75000.00","JA-ELA","JA/QT/45","Pcs","2","1040"
"22","Cabin Tinker and Paint Works 

","","0","0","1","155000.00","0","1","0","155000.00","JA-ELA","JA/QT/45","Pcs","1","1189"
"23","REPAIR Works
NWLF - 5446 FREEZER BOX Accident Repair  
(Estimate No.  JA/EST/5)
   

","","0","0","1","185000.00","0","1","0","185000.00","JA-ELA","JA/INV/23","Pcs","1","1041"
"23","Discount

","","0","0","1","-35000.00","0","1","0","-35000.00","JA-ELA","JA/INV/23","","2","1003"
"26","Aluminium Works 1.2mm (18G)
(One Side Non Rivet Sheet Replace)","","0","0","1","25000.00","0","1","0","25000.00","JA-ELA","JA/INV/26","Pcs","1","1102"
"26","Discount

","","0","0","1","-3000.00","0","1","0","-3000.00","JA-ELA","JA/INV/26","","2","1003"
"1","Discount

","","0","0","1","-20.00","0","1","0","-20.00","JA-ELA","JA/QT/1","","2","1003"
"1","ROLLER DOORS ( Zinc Alum Powder Coated / 0.6mm Panel Thickness with Color Coating )
( 12 Years Shutter Panel Warranty  & 1 Year Mechanism Warranty [ Condition Apply ] )
","","0","0","1","750.00","0","1","0","750.00","JA-ELA","JA/QT/1","Sq Feet","3","1005"
"1","Discount

","","0","0","1","-50.00","0","1","0","-50.00","JA-ELA","JA/QT/1","","4","1003"
"14","+ Lorry Bed Installation
","","0","0","1","2000.00","0","1","0","2000.00","JA-ELA","JA/QT/14","Pcs","2","1068"
"3","Body Sealant (wurth)
","","0","0","1","2950.00","0","2","0","5900.00","JA-ELA","JA/EST/3","Pcs","2","1059"
"3","Rivet

","","0","0","1","5.00","0","100","0","500.00","JA-ELA","JA/EST/3","Pcs","3","1061"
"3","Plywood Works 5mm 
","","0","0","1","2850.00","0","1","0","2850.00","JA-ELA","JA/EST/3","Pcs","4","1099"
"3","Labour Charges

","","0","0","1","17000.00","0","1","0","17000.00","JA-ELA","JA/EST/3","","5","1045"
"4","Paint Works

","","0","0","1","4500.00","0","1","0","4500.00","JA-ELA","JA/EST/4","Pcs","2","1042"
"9","Labour Charges

","","0","0","1","8000.00","0","1","0","8000.00","JA-ELA","JA/EST/4","","3","1045"
"15","Discount

","","0","0","1","-19000.00","0","1","0","-19000.00","JA-ELA","JA/QT/15","","2","1003"
"16","+ Paint Works (Laker coard 
)
","","0","0","1","3000.00","0","1","0","3000.00","JA-ELA","JA/QT/16","Pcs","2","1042"
"17","Discount

","","0","0","1","-5000.00","0","1","0","-5000.00","JA-ELA","JA/QT/17","","3","1003"
"10","ORIGINAL BED 8.5 feet 
(Tata Super Ace / Mud Guard Set )
","","0","0","1","75000.00","0","1","0","75000.00","JA-ELA","JA/QT/17","Pcs","1","1171"
"10","REPAIR Works

","","0","0","1","2000.00","0","1","0","2000.00","JA-ELA","JA/INV/10","Pcs","2","1041"
"20","Inside Full Aluminium (1.2 Chekure Plate)
","","0","0","1","25000.00","0","1","0","25000.00","JA-ELA","JA/QT/20","Pcs","2","1040"
"21","Discount

","","0","0","1","-5000.00","0","1","0","-5000.00","JA-ELA","JA/QT/21","","2","1003"
"21","Door Lock Set (Taiwan)
","","0","0","1","15000.00","0","1","0","15000.00","JA-ELA","JA/QT/21","Pcs","3","1049"
"21","Designed Works (Laching Bar)

","","0","0","1","10000.00","0","1","0","10000.00","JA-ELA","JA/QT/21","Pcs","4","1040"
"21","REPAIR Works
(Rear Door Frame)
","","0","0","1","5000.00","0","1","0","5000.00","JA-ELA","JA/QT/21","Pcs","5","1041"
"22","Roof Reconstruction  (1 Year Warranty)
(New Aluminium/New Bar/New Plywood)
","","0","0","1","49000.00","0","1","0","49000.00","JA-ELA","JA/QT/22","Pcs","3","1040"
"11","DOOR Reconstruction (Shutter Board)
(PVC Beading/MACBOOK Shutter Board/Zinc Alloy 0.35mm  Sheet)
","","0","0","1","30000.00","0","2","0","60000.00","JA-ELA","JA/QT/22","Pcs","1","1182"
"12","REPAIR Works (Rear Side)

","","0","0","1","4000.00","0","1","0","4000.00","JA-ELA","JA/INV/12","Pcs","2","1041"
"12","Roof Flat Set Bar Corner Reconstruction 

","","0","0","1","4000.00","0","1","0","4000.00","JA-ELA","JA/INV/12","Pcs","3","1040"
"12","Discount

","","0","0","1","-2000.00","0","1","0","-2000.00","JA-ELA","JA/INV/12","","4","1003"
"28","REPAIR Works ( Recondition )

","","0","0","1","31000.00","0","1","0","31000.00","JA-ELA","JA/QT/28","Pcs","2","1041"
"31","Discount

","","0","0","1","-1500.00","0","1","0","-1500.00","JA-ELA","JA/QT/31","","2","1003"
"14","Cabin Tinker Works and Full Paint (Cabin / Container Box)


","","0","0","1","345000.00","0","1","0","345000.00","JA-ELA","JA/QT/29","Pcs","1","1189"
"14","Other REPAIR Works
(2 Sides / Rear Side /Side Guard Repair / New Mud Guards Set and Mud Flap /Battery Guard and Other Rrpair Works)
","","0","0","1","185000.00","0","1","0","185000.00","JA-ELA","JA/QT/29","Pcs","2","1041"
"36","Discount

","","0","0","1","-10000.00","0","1","0","-10000.00","JA-ELA","JA/QT/36","","2","1003"
"14","Labour Charges

","","0","0","1","46000.00","0","1","0","46000.00","JA-ELA","JA/EST/5","","7","1045"
"38","Discount

","","0","0","1","-3000.00","0","1","0","-3000.00","JA-ELA","JA/QT/38","","2","1003"
"14","A/B GLUE
","","0","0","1","4950.00","0","8","0","39600.00","JA-ELA","JA/EST/5","Pcs","5","1063"
"21","LORRY BODY 8.25 feet Japan Model Box (Quotation No : 0020-0157)
(Warranty:
Body Structure and Waterproofing Warranty for 05 Years. /Doors Warranty for 03 Years. /Door Beading for 01 Year. 
(Condition Apply)	
","","0","0","1","385000.00","0","2","0","770000.00","JA-ELA","JA/INV/21","Pcs","1","1123"
"21","Discount

","","0","0","1","-40000.00","0","1","0","-40000.00","JA-ELA","JA/INV/21","","2","1003"
"25","Discount

","","0","0","1","-45000.00","0","1","0","-45000.00","JA-ELA","JA/QT/55","","2","1003"
"5","LORRY BODY 6.25 feet Japan Model White Box
(With Bed Price/ Non Rivet/Taiwan Lock Set/4mm Composite/5mm Plywood/2mm Metal Plate/1x1 1.1mmBox Bar/2X2 2mm Box Bar)   

","","0","0","1","135000.00","0","1","0","135000.00","JA-ELA","JA/QT/5","Pcs","1","1115"
"5","Discount

","","0","0","1","-10000.00","0","1","0","-10000.00","JA-ELA","JA/QT/5","","2","1003"
"9","Container 1 Side 20 x 8 Feet Area Heat Proofing Job
(Kempas Wood Frames / 2 Inch Hydensity Rigifoam Laying / 15mm Water Proof Shuter Board Layin and Fiberglass Finish )


","","0","0","1","255000.00","0","1","0","255000.00","JA-ELA","JA/QT/15","Pcs","1","1040"
"18","When the Use Flat Bed is used to Production


","","0","0","1","-110000.00","0","1","0","-110000.00","JA-ELA","JA/INV/18","Pcs","2","1040"
"18","Discount

","","0","0","1","-25000.00","0","1","0","-25000.00","JA-ELA","JA/INV/18","","3","1003"
"20","LORRY BODY 6.25 feet Japan Model White Box
(With Bed Price/ Non Rivet/Taiwan Lock Set/4mm Composite/5mm Plywood/1x1 1.1mmBox Bar)","","0","0","1","140000.00","0","1","0","140000.00","JA-ELA","JA/INV/20","Pcs","1","1115"
"43","DOOR Reconstruction (Large)
(PVC Beading/ROBIN MDF Sheet/Zinc Alloy 0.35mm  Sheet)
","","0","0","1","20000.00","0","2","0","40000.00","JA-ELA","JA/QT/43","Pcs","1","1180"
"43","Plywood Works 5mm 
","","0","0","1","2850.00","0","7","0","19950.00","JA-ELA","JA/QT/43","Pcs","2","1099"
"43","Inside Floor Full Zincpospait 


","","0","0","1","10000.00","0","1","0","10000.00","JA-ELA","JA/QT/43","Pcs","3","1040"
"43","+ Corner Cap (Lanka)
","","0","0","1","4000.00","0","1","0","4000.00","JA-ELA","JA/QT/43","Pcs","4","1070"
"43","Discount

","","0","0","1","-5000.00","0","1","0","-5000.00","JA-ELA","JA/QT/43","","5","1003"
"22","DOOR Reconstruction (Large)
(PVC Beading/ROBIN MDF Sheet/Zinc Alloy 0.35mm  Sheet)
","","0","0","1","22500.00","0","3","0","67500.00","JA-ELA","JA/QT/44","Pcs","1","1180"
"22","Discount

","","0","0","1","-7500.00","0","1","0","-7500.00","JA-ELA","JA/QT/44","","2","1003"
"44","Rear Gutter 
","","0","0","1","4500.00","0","1","0","4500.00","JA-ELA","JA/QT/44","Pcs","3","1086"
"44","Side Gutter
","","0","0","1","2000.00","0","1","0","2000.00","JA-ELA","JA/QT/44","Pcs","4","1087"
"44","Silicone Works for 1 feet (Roof)
","","0","0","1","1200.00","0","10.5","0","12600.00","JA-ELA","JA/QT/44","Pcs","5","1109"
"7","Set Bar Boarder (10 feet)
","","0","0","1","3500.00","0","10","0","35000.00","JA-ELA","JA/EST/7","Pcs","2","1082"
"7","A/B Foam
","","0","0","1","24000.00","0","1","0","24000.00","JA-ELA","JA/EST/7","Pcs","3","1064"
"7","+ Corner Cap (Japan)

","","0","0","1","8000.00","0","1","0","8000.00","JA-ELA","JA/EST/7","Pcs","4","1071"
"7","Body Sealant (wurth)
","","0","0","1","2950.00","0","6","0","17700.00","JA-ELA","JA/EST/7","Pcs","5","1059"
"22","A/B GLUE
","","0","0","1","16000.00","0","1","0","16000.00","JA-ELA","JA/EST/7","Pcs","6","1063"
"7","Paint Works

","","0","0","1","13000.00","0","1","0","13000.00","JA-ELA","JA/EST/7","Pcs","7","1042"
"7","Labour Charges

","","0","0","1","35000.00","0","1","0","35000.00","JA-ELA","JA/EST/7","","8","1045"
"2","Body Sealant (wurth)
","","0","0","1","2950.00","0","1","0","2950.00","JA-ELA","JA/EST/2","Pcs","2","1059"
"2","Paint Works

","","0","0","1","8000.00","0","1","0","8000.00","JA-ELA","JA/EST/2","Pcs","3","1042"
"2","Labour Charges

","","0","0","1","7500.00","0","1","0","7500.00","JA-ELA","JA/EST/2","","4","1045"
"33","Door Hinges
","","0","0","1","2500.00","0","6","0","15000.00","JA-ELA","JA/QT/33","Pcs","1","1056"
"27","Bottom Floorboard and Under Bar Repair

","","0","0","1","68000.00","0","1","0","68000.00","JA-ELA","JA/INV/27","Pcs","2","1041"
"27","Rear Body (Container Box) Full Paint
","","0","0","1","75000.00","0","1","0","75000.00","JA-ELA","JA/INV/27","Pcs","3","1042"
"27","Mud Guard (Extra Large)
","","0","0","1","15000.00","0","1","0","15000.00","JA-ELA","JA/INV/27","Pcs","4","1090"
"27","Side Guard Full Side (Extra Large)
","","0","0","1","15000.00","0","1","0","15000.00","JA-ELA","JA/INV/27","Pcs","5","1097"
"27","Chassis (Sanding And Undercoating)

","","0","0","1","20000.00","0","1","0","20000.00","JA-ELA","JA/INV/27","Pcs","6","1040"
"27","Front Bufer 

","","0","0","1","17000.00","0","1","0","17000.00","JA-ELA","JA/INV/27","Pcs","7","1040"
"27","REPAIR Works
(Rear 2 Door )
","","0","0","1","5000.00","0","1","0","5000.00","JA-ELA","JA/INV/27","Pcs","8","1040"
"27","Discount

","","0","0","1","-25000.00","0","1","0","-25000.00","JA-ELA","JA/INV/27","","9","1003"
"29","Paint & All Tinker Works

","","0","0","1","158000.00","0","1","0","158000.00","JA-ELA","JA/QT/58","Pcs","1","1189"
"29","Paint & All Tinker Works

","","0","0","1","158000.00","0","1","0","158000.00","JA-ELA","JA/QT/58","Pcs","1","1189"
"58","LORRY BODY 8 feet Japan Model Aluminium Box
( Non Rivet/Taiwan Lock Set/1.1mm Aluminium/5mm Plywood/2mm Metal Plate/1x1 1.1mmBox Bar/2X2 2mm Box Bar)","","0","0","1","225000.00","0","1","0","225000.00","JA-ELA","JA/QT/58","Pcs","3","1122"
"58","Body Paint ( White Color)
","","0","0","1","10000.00","0","1","0","10000.00","JA-ELA","JA/QT/58","Pcs","4","1042"
"58","Discount

","","0","0","1","-16000.00","0","1","0","-16000.00","JA-ELA","JA/QT/58","","5","1003"
"29","Plywood Works 9mm 
","","0","0","1","3850.00","0","1","0","3850.00","JA-ELA","JA/INV/29","Pcs","2","1100"
"29","Plywood Works 5mm 
","","0","0","1","2850.00","0","1","0","2850.00","JA-ELA","JA/INV/29","Pcs","3","1099"
"29","REPAIR Works

","","0","0","1","4500.00","0","1","0","4500.00","JA-ELA","JA/INV/29","Pcs","4","1041"
"29","Discount

","","0","0","1","-2950.00","0","1","0","-2950.00","JA-ELA","JA/INV/29","","5","1003"
"33","ORIGINAL BED Mahindra Bolero 8 feet
","","0","0","1","150000.00","0","2","0","300000.00","JA-ELA","JA/INV/33","Pcs","1","1170"
"1","ROLLER SHUTTER ( Zinc Coated )
( 02 Years Shutter Panel Warranty  & 1 Year Mechanism Warranty )
","","0","0","1","670.00","0","1","0","670.00","JA-ELA","JA/INV/1","Sq Feet","2","1004"
"1","Discount

","","0","0","1","-500.00","0","1","0","-500.00","JA-ELA","JA/INV/1","","3","1003"
"1","ROLLER SHUTTER ( Aluminium )
( 5 Years Shutter Panel Warranty  & 1 Year Mechanism Warranty [ Condition Apply ] )
","","0","0","1","1250.00","0","1","0","1250.00","JA-ELA","JA/INV/1","Sq Feet","4","1009"
"13","CONSTRUCTION of 20.0 Feet Container Box
(Floorboad Coverd 2mm (14g) M/S Sheet /2 Side Guard Set / 2 Mud Guard Set / Inside and Outside Light / Chassis Bar and U Bolt /Full Paint / Good Cundition Container Box )
 
","","0","0","1","650000.00","0","1","0","650000.00","JA-ELA","JA/QT/25","Pcs","1","1040"
"16","Discount

","","0","0","1","-3000.00","0","1","0","-3000.00","JA-ELA","JA/INV/16","","2","1003"
"31","Discount

","","0","0","1","-90000.00","0","1","0","-90000.00","JA-ELA","JA/QT/60","","2","1003"
"33","LORRY BODY 9.25 feet Japan Model Aluminium Box (5 Years Warranty / 1 Year Warranty 3 Doors )
(With Bed Price/ Non Rivet/Taiwan Lock Set/1.1mm Aluminium/5mm Plywood/2mm Metal Plate/1x1 1.1mmBox Bar/2X2 2mm Box Bar)","","0","0","1","270000.00","0","1","0","270000.00","JA-ELA","JA/QT/65","Pcs","1","1126"
"33","LORRY BODY 8.25 feet Japan Model White Box
( Non Rivet/Taiwan Lock Set/2mm Metal Plate/1x1 1.1mmBox Bar/2X2 2mm Box Bar)
","","0","0","1","270000.00","0","1","0","270000.00","JA-ELA","JA/QT/66","Pcs","1","1123"
"2","Discount

","","0","0","1","-10000.00","0","1","0","-10000.00","JA-ELA","JA/INV/2","","2","1003"
"10","Discount

","","0","0","1","-4000.00","0","1","0","-4000.00","JA-ELA","JA/QT/10","","2","1003"
"6","REPAIR Works
( New Door Nylon Weel Set, New Stoper Lock Set, Door Runner Rerairs)
","","0","0","1","33000.00","0","1","0","33000.00","JA-ELA","JA/QT/10","Pcs","1","1041"
"6","LANKA BED Mahindra Maxximo  (1.2mm Zincoted)
","","0","0","1","63000.00","0","1","0","63000.00","JA-ELA","JA/INV/6","Pcs","1","1145"
"6","+ Lorry Bed Installation
","","0","0","1","2000.00","0","1","0","2000.00","JA-ELA","JA/INV/6","Pcs","2","1068"
"6","Aluminium Works 1.2mm (18G)
","","0","0","1","6500.00","0","1","0","6500.00","JA-ELA","JA/EST/6","Pcs","1","1102"
"6","+ VHB Remover Alcohol   
","","0","0","1","3950.00","0","1","0","3950.00","JA-ELA","JA/EST/6","Pcs","2","1075"
"6","+ VHB Tape (13m)
","","0","0","1","9750.00","0","1","0","9750.00","JA-ELA","JA/EST/6","Pcs","3","1074"
"6","Labour Charges

","","0","0","1","16000.00","0","1","0","16000.00","JA-ELA","JA/EST/6","","4","1045"
"17","REPAIR Works
( New Door Nylon Weel Set, New Stoper Lock Set, Door Runner Rerairs)
","","0","0","1","33000.00","0","1","0","33000.00","JA-ELA","JA/INV/17","Pcs","1","1041"
"17","Discount

","","0","0","1","-4000.00","0","1","0","-4000.00","JA-ELA","JA/INV/17","","2","1003"
"45","Mud Guard (Extra Large)
","","0","0","1","15000.00","0","1","0","15000.00","JA-ELA","JA/QT/45","Pcs","3","1090"
"45","REPAIR Works
(Battery Guard/Spare Wheel/Radiator House/Rear Door )
","","0","0","1","45000.00","0","1","0","45000.00","JA-ELA","JA/QT/45","Pcs","4","1041"
"45","Rear Light Guard  (Large)
","","0","0","1","16500.00","0","1","0","16500.00","JA-ELA","JA/QT/45","Pcs","5","1095"
"45","S/S Bottom Gutter
","","0","0","1","5000.00","0","1","0","5000.00","JA-ELA","JA/QT/45","Pcs","6","1040"
"45","Side Guard Rear  Side (Extra Large)","","0","0","1","10000.00","0","1","0","10000.00","JA-ELA","JA/QT/45","Pcs","7","1098"
"45","Chassis (Sanding And Undercoating)
","","0","0","1","20000.00","0","1","0","20000.00","JA-ELA","JA/QT/45","Pcs","8","1048"
"45","Foot Board (Large)
","","0","0","1","7500.00","0","1","0","7500.00","JA-ELA","JA/QT/45","Pcs","9","1092"
"22","Rear Body (Container Box) Full Paint

","","0","0","1","75000.00","0","1","0","75000.00","JA-ELA","JA/QT/45","Pcs","2","1040"
"22","Cabin Tinker and Paint Works 

","","0","0","1","155000.00","0","1","0","155000.00","JA-ELA","JA/QT/45","Pcs","1","1189"
"45","Discount

","","0","0","1","-20000.00","0","1","0","-20000.00","JA-ELA","JA/QT/45","","10","1003"
"45","Container Full Inside Area Heat Proofing Job
(Kempas Wood Frames / 2 Inch Hydensity Rigifoam Laying / 15mm Long Life Waterproof Shuter Board Layin and 3mm thickness Fiberglass Finish/ 768 Square Foot)

","","0","0","1","1575.00","0","768","0","1209600.00","JA-ELA","JA/QT/45","Pcs","11","1040"
"4","LORRY BODY 22 feet Japan Model Aluminium Box
(Non Rivet/Taiwan Lock Set/1.5mm Aluminium/12mm Plywood/4mm Metal Plate/2x2 1.6mm Box Bar/4X2 3mm Box Bar)
","","0","0","1","650000.00","0","1","0","650000.00","JA-ELA","JA/INV/4","Pcs","1","1141"
"4","When the Use Flat Bed is used to Production
","","0","0","1","-110000.00","0","1","0","-110000.00","JA-ELA","JA/INV/4","Pcs","2","1186"
"4","Discount

","","0","0","1","-25000.00","0","1","0","-25000.00","JA-ELA","JA/INV/4","","3","1003"
"7","Discount

","","0","0","1","-2000.00","0","1","0","-2000.00","JA-ELA","JA/QT/7","","2","1003"
"9","Door Frame Rear
","","0","0","1","30000.00","0","1","0","30000.00","JA-ELA","JA/QT/9","Pcs","1","1083"
"9","DOOR Reconstruction (Small)
(PVC Beading/ROBIN MDF Sheet/Zinc Alloy 0.35mm Sheet)

","","0","0","1","16000.00","0","2","0","32000.00","JA-ELA","JA/QT/9","Pcs","2","1179"
"9","Door Lock Set (Taiwan)
","","0","0","1","15000.00","0","1","0","15000.00","JA-ELA","JA/QT/9","Pcs","3","1049"
"9","Rear Gutter 
","","0","0","1","4500.00","0","1","0","4500.00","JA-ELA","JA/QT/9","Pcs","4","1086"
"9","Mud Guard Set (Large)
","","0","0","1","7000.00","0","1","0","7000.00","JA-ELA","JA/QT/9","Pcs","5","1089"
"9","+ Side Door Enclosing","","0","0","1","10000.00","0","1","0","10000.00","JA-ELA","JA/QT/9","Pcs","6","1065"
"9","Paint & Tinker  Works

","","0","0","1","98000.00","0","1","0","98000.00","JA-ELA","JA/QT/9","Pcs","7","1042"
"9","All REPAIR Works
","","0","0","1","25000.00","0","1","0","25000.00","JA-ELA","JA/QT/9","Pcs","8","1041"
"9","Foot Board (Small)
","","0","0","1","5500.00","0","3","0","16500.00","JA-ELA","JA/QT/9","Pcs","9","1091"
"9","Under Frame Works
","","0","0","1","9000.00","0","1","0","9000.00","JA-ELA","JA/QT/9","Pcs","10","1040"
"9","Chassis Chipping & Under Coating Works
","","0","0","1","8000.00","0","1","0","8000.00","JA-ELA","JA/QT/9","Pcs","11","1041"
"9","Windscreen And Door Winder Repair Works 
","","0","0","1","7500.00","0","1","0","7500.00","JA-ELA","JA/QT/9","Pcs","12","1040"
"9","Discount

","","0","0","1","-13000.00","0","1","0","-13000.00","JA-ELA","JA/QT/9","","13","1003"
"6","REPAIR Works
( New Door Nylon Weel Set, New Stoper Lock Set, Door Runner Rerairs)
","","0","0","1","33000.00","0","1","0","33000.00","JA-ELA","JA/QT/10","Pcs","1","1041"
"11","DOOR Reconstruction (Extra Large)
(PVC Beading/ROBIN MDF Sheet/Zinc Alloy 0.35mm  Sheet)
","","0","0","1","30000.00","0","2","0","60000.00","JA-ELA","JA/QT/23","Pcs","1","1181"
"26","Front Cabin All Tinker Works / Full Recondition And Paint
","","0","0","1","395000.00","0","1","0","395000.00","JA-ELA","JA/QT/26","Pcs","2","1040"
"26","Discount

","","0","0","1","-70000.00","0","1","0","-70000.00","JA-ELA","JA/QT/26","","3","1003"
"13","CONSTRUCTION of 20.0 Feet Container Box
(Floorboad Coverd 2mm (14g) M/S Sheet /2 Side Guard Set (4 x 2 Box Bar) / 2 Mud Guard Set / Inside and Outside Light / Chassis Bar and U Bolt /Full Paint / Good Cundition Container Box )
 



","","0","0","1","650000.00","0","1","0","650000.00","JA-ELA","JA/QT/26","Pcs","1","1188"
"33","LORRY BODY 8.25 feet Japan Model White Box
( Non Rivet/Taiwan Lock Set/2mm Metal Plate/1x1 1.1mmBox Bar/2X2 2mm Box Bar)
","","0","0","1","270000.00","0","1","0","270000.00","JA-ELA","JA/QT/66","Pcs","1","1123"
"33","LORRY BODY 8.25 feet Japan Model White Box
( Non Rivet/Taiwan Lock Set/2mm Metal Plate/1x1 1.1mmBox Bar/2X2 2mm Box Bar)
","","0","0","1","270000.00","0","1","0","270000.00","JA-ELA","JA/QT/66","Pcs","1","1123"
"66","Heat Proofing Job
(12mm Plywood /1.5 Inch Hydensity Rigifoam Laying /  Fiberglass Finish )","","0","0","1","196600.00","0","2","0","393200.00","JA-ELA","JA/QT/66","Pcs","2","1040"
"66","LORRY BODY 8.25 feet Japan Model White Box
( Non Rivet/Taiwan Lock Set/2mm Metal Plate/1x1 1.1mmBox Bar/2X2 2mm Box Bar)
","","0","0","1","270000.00","0","3","0","810000.00","JA-ELA","JA/QT/66","Pcs","1","1123"
"6","REPAIR Works
(Rear Side small Repair/ metal Lock )","","0","0","1","5000.00","0","1","0","5000.00","JA-ELA","JA/QT/6","Pcs","1","1041"
"6","Discount

","","0","0","1","-2000.00","0","1","0","-2000.00","JA-ELA","JA/QT/6","","2","1003"
"5","REPAIR Works
(Rear Side small Repair/ metal Lock )","","0","0","1","5000.00","0","1","0","5000.00","JA-ELA","JA/INV/5","Pcs","1","1041"
"5","Discount

","","0","0","1","-2000.00","0","1","0","-2000.00","JA-ELA","JA/INV/5","","2","1003"
"3","ROLLER DOORS ( Zinc Alum Powder Coated / 0.6mm Panel Thickness with Color Coating )
( 12 Years Shutter Panel Warranty  & 1 Year Mechanism Warranty [ Condition Apply ] )
","","0","0","1","750.00","0","1","0","750.00","JA-ELA","JA/QT/3","Sq Feet","1","1005"
"3","U Covering Normal
","","0","0","1","9000.00","0","1","0","9000.00","JA-ELA","JA/QT/3","Pcs","2","1010"
"3","Discount

","","0","0","1","-3000.00","0","1","0","-3000.00","JA-ELA","JA/QT/3","","3","1003"
"8","LORRY BODY 6.25 feet Japan Model White Box
(With Bed Price/ Non Rivet/Taiwan Lock Set/4mm Composite/5mm Plywood/2mm Metal Plate/1x1 1.1mmBox Bar/2X2 2mm Box Bar)
","","0","0","1","130000.00","0","1","0","130000.00","JA-ELA","JA/QT/8","Pcs","1","1115"
"8","Aluminium Checker  Plate Works 1mm (20G)
","","0","0","1","15000.00","0","1","0","15000.00","JA-ELA","JA/QT/8","Pcs","2","1106"
"11","DOOR Reconstruction (Extra Large)
(PVC Beading/ROBIN MDF Sheet/Zinc Alloy 0.35mm  Sheet)
","","0","0","1","30000.00","0","2","0","60000.00","JA-ELA","JA/QT/23","Pcs","1","1181"
"23","Rear Gutter 
","","0","0","1","5000.00","0","1","0","5000.00","JA-ELA","JA/QT/23","Pcs","3","1086"
"23","Discount

","","0","0","1","-5000.00","0","1","0","-5000.00","JA-ELA","JA/QT/23","","3","1003"
"70","LORRY BODY 14.5 feet Japan Model Aluminium Box
(Non Rivet/Corner Panal /Taiwan Lock Set/1.2mm Aluminium/9mm Plywood/2.5mm Metal Plate/1.5X1.5 1.6mmBox Bar/4X2 2.5mm Box Bar)","","0","0","1","445000.00","0","1","0","445000.00","JA-ELA","JA/QT/70","Pcs","1","1136"
"70","+ Side Door

","","0","0","1","10000.00","0","1","0","10000.00","JA-ELA","JA/QT/70","Pcs","2","1065"
